page_number,doc_type,source_document,source_page
1,CREDIT_REPORT,Credit Report_990145627.pdf,8
2,URLA_1003,1003 - URLA_990145627.pdf,10
3,CREDIT_REPORT,Credit Report_990145627.pdf,18
4,URLA_1003,1003 - URLA_990145627.pdf,5
5,CREDIT_REPORT,Credit Report_990145627.pdf,5
6,URLA_1003,1003 - URLA_990145627.pdf,1
7,CREDIT_REPORT,Credit Report_990145627.pdf,12
8,TITLE_REPORT,Title Report_990145627.pdf,9
9,CREDIT_REPORT,Credit Report_990145627.pdf,2
10,URLA_1003,1003 - URLA_990145627.pdf,3
11,CREDIT_REPORT,Credit Report_990145627.pdf,11
12,TITLE_REPORT,Title Report_990145627.pdf,4
13,CREDIT_REPORT,Credit Report_990145627.pdf,15
14,URLA_1003,1003 - URLA_990145627.pdf,6
15,CREDIT_REPORT,Credit Report_990145627.pdf,9
16,TITLE_REPORT,Title Report_990145627.pdf,6
17,CREDIT_REPORT,Credit Report_990145627.pdf,14
18,TITLE_REPORT,Title Report_990145627.pdf,7
19,CREDIT_REPORT,Credit Report_990145627.pdf,7
20,URLA_1003,1003 - URLA_990145627.pdf,4
21,CREDIT_REPORT,Credit Report_990145627.pdf,1
22,TITLE_REPORT,Title Report_990145627.pdf,5
23,CREDIT_REPORT,Credit Report_990145627.pdf,17
24,URLA_1003,1003 - URLA_990145627.pdf,8
25,CREDIT_REPORT,Credit Report_990145627.pdf,13
26,URLA_1003,1003 - URLA_990145627.pdf,11
27,CREDIT_REPORT,Credit Report_990145627.pdf,10
28,TITLE_REPORT,Title Report_990145627.pdf,8
29,CREDIT_REPORT,Credit Report_990145627.pdf,16
30,URLA_1003,1003 - URLA_990145627.pdf,7
31,CREDIT_REPORT,Credit Report_990145627.pdf,3
32,TITLE_REPORT,Title Report_990145627.pdf,1
33,CREDIT_REPORT,Credit Report_990145627.pdf,6
34,TITLE_REPORT,Title Report_990145627.pdf,2
35,URLA_1003,1003 - URLA_990145627.pdf,9
36,INCOME_DOC,INCOME - P & L_990145627.pdf,1
37,TITLE_REPORT,Title Report_990145627.pdf,3
38,URLA_1003,1003 - URLA_990145627.pdf,2
39,CREDIT_REPORT,Credit Report_990145627.pdf,4
